="",="High English-Speaking Share",="",="",="Low English-Speaking Share",="",=""
="",="(1)",="(2)",="(3)",="(4)",="(5)",="(6)"
="",="Marriage Share",="Male",="Female",="Marriage Share",="Male",="Female"
="immigration share(denominator:pop i,91)",="0.442*",="0.297",="0.560*",="0.418",="0.321",="0.522"
="",="(0.245)",="(0.186)",="(0.307)",="(0.291)",="(0.242)",="(0.361)"
="Observations",="1,239",="1,239",="1,239",="1,240",="1,240",="1,240"
="C-D F-stat",="40.790",="40.790",="40.790",="14.758",="14.758",="14.758"
="K-P F-stat",="4.826",="4.826",="4.826",="1.906",="1.906",="1.906"
="A-R F-stat",="18.851",="9.360",="15.933",="10.649",="5.766",="11.849"
="A-R p-value",="0.000",="0.002",="0.000",="0.001",="0.017",="0.001"
="Standard errors in parentheses"
="LGA fixed effects: Yes"
="Year fixed effects: Yes"
="Control variables: Yes"
="Regions are classified as high (low) English-speaking if the share of immigrants from"
="English-speaking countries in 1996 is above (below) the sample median."
="* p<0.10, ** p<0.05, *** p<0.01"
